<?xml version="1.0" encoding="utf-8"?>
<eml:eml xmlns:eml="eml://ecoinformatics.org/eml-2.1.1" xmlns:xsi="http://www.w3.org/2001/XMLSchema-instance"
         xsi:schemaLocation="eml://ecoinformatics.org/eml-2.1.1 http://rs.gbif.org/schema/eml-gbif-profile/1.2/eml.xsd"
packageId="10.15468/dl.rj52nw"  system="http://gbif.org" scope="system"
xml:lang="en">

    <dataset>
                <alternateIdentifier>0034367-231002084531237</alternateIdentifier>
        <title>GBIF Occurrence Download 10.15468/dl.rj52nw</title>
            <creator>
            <individualName>
                    <surName>GBIF Download Service</surName>
            </individualName>
<electronicMailAddress>support@gbif.org</electronicMailAddress>            </creator>
            <metadataProvider>
            <individualName>
                    <surName>GBIF Download Service</surName>
            </individualName>
<electronicMailAddress>support@gbif.org</electronicMailAddress>            </metadataProvider>
            <pubDate>
                2023-11-01
            </pubDate>
        <language>ENGLISH</language>
            <abstract>
                    <para>A dataset containing all occurrences available in GBIF matching the query:
{
  &quot;TaxonKey&quot; : [
    &quot;is Spodoptera frugiperda J.E.Smith, 1797&quot;
  ]
}
The dataset includes records from the following constituent datasets. The full metadata for each constituent is also included in this archive:
7 records from Museum of Southwestern Biology, Division of Arthropods
4 records from M.Scott Griggs Personal Lepidoptera Collection
136 records from Entomology Division, Yale Peabody Museum
1 records from naturgucker
1 records from Archbold Biological Station Arthropod Collection
7 records from Waite Insect and Nematode Collection
2 records from Arizona State University Hasbrouck Insect Collection
49 records from Guadeloupe_Insectes
12 records from New Mexico State Collection of Arthropods
173 records from Insecta of Costa Rica (INBio)
10 records from Denver Museum of Nature &amp; Science - Entomology
335 records from BugGuide - Identification, Images, &amp; Information For Insects, Spiders &amp; Their Kin For the United States &amp; Canada
1 records from UWIZM International Lepidoptera Collection
41 records from R. M. Bohart Museum of Entomology
1 records from Hatikka.fi observations
1 records from Données d&apos;occurrence de quelques insectes parasites des cultures rencontrés en Côte d&apos;Ivoire
16 records from CardObs : Observations naturalistes issues de l&apos;outil CardObs - Données naturalistes de Bernard Lalanne-Cassou
2616 records from International Barcode of Life project (iBOL)
28 records from UWIZM Local Lepidoptera Collection
4 records from Zoologische Staatssammlung Muenchen - International Barcode of Life (iBOL) - Barcode of Life Project Specimen Data
23 records from Museum of Comparative Zoology, Harvard University
48 records from University of Minnesota Insect Collection
58 records from San Diego Natural History Museum Entomology Department
2409 records from Fall armyworm integrated pest management
1 records from CardObs : Observations naturalistes issues de l&apos;outil CardObs-Inventaire des insectes de neuf stations au sud du Parc national de Guadeloupe, 25 ans après l&apos;inventaire de C. Sautière.
22 records from Entomological Collections (NHRS), Swedish Museum of Natural History (NRM)
7 records from Référentiel taxonomique national (TAXREF) - Inventaire des Collectivités d&apos;outre-mer et de la métropole (ICOM_14) issu des données biogéographiques de TAXREF v14
7 records from Référentiel taxonomique national (TAXREF) - Inventaire des Collectivités d&apos;outre-mer et de la métropole (ICOM_15) issu des données biogéographiques de TAXREF v15
1 records from Lund University Biological Museum - Insect collections Inventory
1 records from North Carolina State University Insect Collection
16 records from Texas A&amp;M University Insect Collection
18 records from University of Texas, Biodiversity Center, Entomology Collection (UTIC)
276 records from Mississippi Entomological Museum
15 records from CABI Lepidoptera Collection
53 records from The Lepidopterists&apos; Society Season Summary
108 records from University of Georgia Collection of Arthropods
32 records from Propuesta de actualización del Catálogo de Autoridades Taxonómicas (CAT) de Lepidoptera: Heterócera para la Península de Yucatán
2 records from Illinois Natural History Survey Insect Collection
33 records from Clemson University Arthropod Collection
11 records from Academy of Natural Sciences Entomology Collection - LepNet
1 records from The Lepidoptera collection (EL) of the Muséum national d&apos;Histoire naturelle (MNHN - Paris)
8 records from Natural History Museum (London) Collection Specimens
427 records from INSDC Host Organism Sequences
2 records from Inventaire entomologique standardisé des ZNIEFF et autres sites naturels de Martinique-Inventaire entomologique standardisé des ZNIEFF de Martinique, protocole utilisé en 2014 et 2015
14 records from University of Alberta E. H. Strickland Entomological Museum (UASM)
116 records from The Albert J. Cook Arthropod Research Collection
100 records from K-State Museum of Entomological and Prairie Arthropod Research
2 records from CHAS Entomology Collection (Arctos)
2 records from Luther Entomological Research Collection
11 records from Natural History Museum Rotterdam - Specimens
7 records from Référentiel taxonomique national (TAXREF) - Inventaire des Collectivités d&apos;outre-mer et de la métropole (ICOM_16) issu des données biogéographiques de TAXREF v16
4 records from CardObs : Observations naturalistes issues de l&apos;outil CardObs-Données naturalistes de Jérôme BARBUT
2 records from NMNH Extant Specimen Records (USNM, US)
23 records from Cleveland Museum of Natural History
2 records from Northern Arizona University - Arthropod Collection
1 records from Inventaires naturalistes conduits par l&apos;association Entomo Fauna - Inventaire naturaliste de la commune de Grand-Santi (Guyane) : mission 2017 Entomo Fauna
13 records from Taiwan Moth Occurrence Data Collected From Social Network
1 records from Inventaire entomologique standardisé des ZNIEFF et autres sites naturels de Martinique-Inventaire entomologique standardisé des ZNIEFF de Martinique, protocole utilisé à partir de 2016
21 records from ZUEC-LEP - Coleção de Lepidoptera do Museu de Zoologia da UNICAMP
1 records from Inventaire des Noctuelles de Guyane (Lepidoptera : Euteliidae, Erebidae, Noctuidae, Nolidae)
12 records from Afromoths, online database of Afrotropical moth species (Lepidoptera)
441 records from INSDC Sequences
2 records from NMNH Material Samples (USNM)
32 records from Lepidoptera (Rhopalocera y Heterocera) de áreas prioritarias para la conservación en la Península de Yucatán, con registros de adultos y estados inmaduros (Heterocera)
64 records from Faculty of Science, University of Douala Insect Collection
3 records from Data-set of Moth Specimen from TESRI
9 records from Computarización de la Colección Nacional de insectos Dr. Alfredo Barrera Marín del Museo de Historia Natural de la Ciudad de México (Lepidoptera)
1 records from CardObs : Observations naturalistes issues de l&apos;outil CardObs-Étude entomologique des forêts publiques de Martinique, pour l&apos;ONF
3212 records from iNaturalist Research-grade Observations</para>
            </abstract>
            <contact>
            <individualName>
                    <surName>GBIF Download Service</surName>
            </individualName>
<electronicMailAddress>support@gbif.org</electronicMailAddress>            </contact>

    </dataset>

    <additionalMetadata>
        <metadata>
            <gbif>
                <dateStamp>2023-11-01T10:31:59Z</dateStamp>
                <citation identifier="10.15468/dl.rj52nw">GBIF Occurrence Download 10.15468/dl.rj52nw</citation>
                    <physical>
                        <objectName>Darwin Core Archive</objectName>
                        <characterEncoding>UTF-8</characterEncoding>
                        <dataFormat>
                            <externallyDefinedFormat>
                                <formatName>Darwin Core Archive</formatName>
                            </externallyDefinedFormat>
                        </dataFormat>
                        <distribution>
                            <online>
                                <url function="download">https://api.gbif.org/v1/occurrence/download/request/0034367-231002084531237.zip</url>
                            </online>
                        </distribution>
                    </physical>
            </gbif>
        </metadata>
    </additionalMetadata>

</eml:eml>
