<?xml version="1.0" encoding="utf-8"?>
<eml:eml xmlns:eml="eml://ecoinformatics.org/eml-2.1.1" xmlns:xsi="http://www.w3.org/2001/XMLSchema-instance"
         xsi:schemaLocation="eml://ecoinformatics.org/eml-2.1.1 http://rs.gbif.org/schema/eml-gbif-profile/1.2/eml.xsd"
packageId="20524cf7-66f8-49d2-a274-102e1090e502"  system="http://gbif.org" scope="system"
xml:lang="en">

    <dataset>
            <alternateIdentifier>10.15468/sxn8na</alternateIdentifier>
                <alternateIdentifier>https://ecdysis.org/collections/misc/collprofiles.php?collid=133</alternateIdentifier>
                <alternateIdentifier>https://scan-bugs.org:443/portal/collections/misc/collprofiles.php?collid=71</alternateIdentifier>
        <title>Academy of Natural Sciences Entomology Collection - LepNet</title>
            <creator>
<organizationName>Ecdysis Portal</organizationName><electronicMailAddress>ajohnston@asu.edu</electronicMailAddress><onlineUrl>https://ecdysis.org/index.php</onlineUrl>            </creator>
            <metadataProvider>
<organizationName>Ecdysis Portal</organizationName><electronicMailAddress>ajohnston@asu.edu</electronicMailAddress><onlineUrl>https://ecdysis.org/index.php</onlineUrl>            </metadataProvider>
            <associatedParty>
            <individualName>
<givenName>Jason</givenName>                    <surName>Weintraub</surName>
            </individualName>
<positionName>Collection Manager</positionName><electronicMailAddress>weintraub@ansp.org</electronicMailAddress>            <role>CONTENT_PROVIDER</role>
            </associatedParty>
            <pubDate>
                2023-10-19
            </pubDate>
        <language>ENGLISH</language>
            <abstract>
                    <para>Live specimen data from The Academy of Natural Sciences Entomology Collection. Data in this collection includes LepNet and OrthopNet related records. Live data contributions towards SCAN for other TCN/PEN related projects where ANSP Entomology is a participant will be entered here.Contact for LepNet: Jason Weintraub, weintraub&amp;#64;ansp.org Contact for OrthopNet: Greg Cowper, cowper&amp;#64;ansp.org</para>
            </abstract>
            <intellectualRights>
                    <para>This work is licensed under a <ulink url="http://creativecommons.org/licenses/by-nc/4.0/legalcode"><citetitle>Creative Commons Attribution Non Commercial (CC-BY-NC) 4.0 License</citetitle></ulink>.</para>
            </intellectualRights>
            <contact>
<organizationName>Academy of Natural Sciences Entomology Collection - LepNet</organizationName><electronicMailAddress>weintraub@ansp.org</electronicMailAddress><onlineUrl>http://www.ansp.org</onlineUrl>            </contact>

    </dataset>

    <additionalMetadata>
        <metadata>
            <gbif>
                <dateStamp>2023-11-01T10:31:54Z</dateStamp>
                <citation>Academy of Natural Sciences (2023). Academy of Natural Sciences Entomology Collection - LepNet. Occurrence dataset https://doi.org/10.15468/sxn8na accessed via GBIF.org on 2023-11-01.</citation>
            </gbif>
        </metadata>
    </additionalMetadata>

</eml:eml>
