<?xml version="1.0" encoding="utf-8"?>
<eml:eml xmlns:eml="eml://ecoinformatics.org/eml-2.1.1" xmlns:xsi="http://www.w3.org/2001/XMLSchema-instance"
         xsi:schemaLocation="eml://ecoinformatics.org/eml-2.1.1 http://rs.gbif.org/schema/eml-gbif-profile/1.2/eml.xsd"
packageId="2a796d4b-d12f-4806-876a-4fbb5e0a63ca"  system="http://gbif.org" scope="system"
xml:lang="en">

    <dataset>
            <alternateIdentifier>10.15468/1ysscu</alternateIdentifier>
                <alternateIdentifier>https://collections.ala.org.au/public/show/dr367</alternateIdentifier>
                <alternateIdentifier>f5bdafda-519e-3472-ac70-79648ffa0583</alternateIdentifier>
                <alternateIdentifier>http://collections.ala.org.au/public/show/dr367</alternateIdentifier>
                <alternateIdentifier>2a796d4b-d12f-4806-876a-4fbb5e0a63ca</alternateIdentifier>
                <alternateIdentifier>cc09f832-420f-31af-83e2-431704f74013</alternateIdentifier>
                <alternateIdentifier>75f1cd39-a881-3585-ac3c-406242dcc8f2</alternateIdentifier>
        <title>Waite Insect and Nematode Collection</title>
            <creator>
<organizationName>University of Adelaide</organizationName>            </creator>
            <creator>
<organizationName>Waite Insect and Nematode Collection</organizationName>            </creator>
            <metadataProvider>
<organizationName>University of Adelaide</organizationName>            </metadataProvider>
            <associatedParty>
<organizationName>Atlas of Living Australia</organizationName>            <address>
<deliveryPoint>CSIRO Ecosystems Services</deliveryPoint><city>Canberra</city><administrativeArea>ACT</administrativeArea><postalCode>2601</postalCode><country>AUSTRALIA</country>            </address>
<electronicMailAddress>info@ala.org.au</electronicMailAddress>            <role>DISTRIBUTOR</role>
            </associatedParty>
            <pubDate>
                2019-09-26
            </pubDate>
        <language>ENGLISH</language>
            <abstract>
                    <para>The Waite Insect and Nematode Collection (WINC) was formed in early 2001 by the merger of Adelaide University&amp;#39;s Duncan Swan Insect Collection (WARI), the Waite Institute Nematode Collection (WINC), and the South Australian Research and Development Institute (SARDI) insect collection, and is housed at the Waite Campus of Adelaide University.</para>
            </abstract>
            <intellectualRights>
                    <para>This work is licensed under a <ulink url="http://creativecommons.org/licenses/by/4.0/legalcode"><citetitle>Creative Commons Attribution (CC-BY) 4.0 License</citetitle></ulink>.</para>
            </intellectualRights>
            <contact>
<organizationName>Atlas of Living Australia</organizationName>            <address>
<deliveryPoint>CSIRO Ecosystems Services</deliveryPoint><city>Canberra</city><administrativeArea>ACT</administrativeArea><postalCode>2601</postalCode><country>AUSTRALIA</country>            </address>
<electronicMailAddress>info@ala.org.au</electronicMailAddress>            </contact>
            <methods>
            </methods>

    </dataset>

    <additionalMetadata>
        <metadata>
            <gbif>
                <dateStamp>2023-11-01T10:31:47Z</dateStamp>
                <citation>University of Adelaide (2019). Waite Insect and Nematode Collection. Occurrence dataset https://doi.org/10.15468/1ysscu accessed via GBIF.org on 2023-11-01.</citation>
            </gbif>
        </metadata>
    </additionalMetadata>

</eml:eml>
