<?xml version="1.0" encoding="utf-8"?>
<eml:eml xmlns:eml="eml://ecoinformatics.org/eml-2.1.1" xmlns:xsi="http://www.w3.org/2001/XMLSchema-instance"
         xsi:schemaLocation="eml://ecoinformatics.org/eml-2.1.1 http://rs.gbif.org/schema/eml-gbif-profile/1.2/eml.xsd"
packageId="9e02f8f5-ae2f-49b9-b896-ffb0260a284c"  system="http://gbif.org" scope="system"
xml:lang="en">

    <dataset>
            <alternateIdentifier>10.15468/jtovgy</alternateIdentifier>
                <alternateIdentifier>https://biokic2.rc.asu.edu:443/portal/collections/misc/collprofiles.php?collid=5</alternateIdentifier>
                <alternateIdentifier>https://scan-bugs.org:443/portal/collections/misc/collprofiles.php?collid=5</alternateIdentifier>
                <alternateIdentifier>http://scan-bugs.org/portal/collections/misc/collprofiles.php?collid=5</alternateIdentifier>
                <alternateIdentifier>http://symbiota4.acis.ufl.edu/scan/portal/collections/misc/collprofiles.php?collid=5</alternateIdentifier>
        <title>Museum of Southwestern Biology, Division of Arthropods</title>
            <creator>
<organizationName>SCAN</organizationName><electronicMailAddress>scan_noreply@asu.edu</electronicMailAddress><onlineUrl>https://scan-bugs.org:443/portal/index.php</onlineUrl>            </creator>
            <metadataProvider>
<organizationName>SCAN</organizationName><electronicMailAddress>scan_noreply@asu.edu</electronicMailAddress><onlineUrl>https://scan-bugs.org:443/portal/index.php</onlineUrl>            </metadataProvider>
            <associatedParty>
<organizationName>Museum of Southwestern Biology, Division of Arthropods</organizationName><positionName>Collection Manager</positionName><electronicMailAddress>dlightfo@unm.edu</electronicMailAddress>            <role>CONTENT_PROVIDER</role>
            </associatedParty>
            <pubDate>
                2023-05-17
            </pubDate>
        <language>ENGLISH</language>
            <abstract>
                    <para>The MSB Division of Arthropods houses collections from the southwestern US as well as Central and South America and other areas of the world. Species concentrations are in Arachnida, Myriapoda, Coleoptera, Lepidoptera, and Orthoptera. The collection began with material from ecological research (including LTER sites and several NPS sites) and is now increasing its systematics focus. There are an estimated 200,000 specimens but many are still being integrated into the collection.</para>
            </abstract>
            <intellectualRights>
                    <para>This work is licensed under a <ulink url="http://creativecommons.org/licenses/by-nc/4.0/legalcode"><citetitle>Creative Commons Attribution Non Commercial (CC-BY-NC) 4.0 License</citetitle></ulink>.</para>
            </intellectualRights>
            <contact>
<organizationName>Museum of Southwestern Biology, Division of Arthropods</organizationName><electronicMailAddress>dlightfo@unm.edu</electronicMailAddress><onlineUrl>http://msb.unm.edu/arthropods/</onlineUrl>            </contact>

    </dataset>

    <additionalMetadata>
        <metadata>
            <gbif>
                <dateStamp>2023-11-01T10:31:47Z</dateStamp>
                <citation>Museum of Southwestern Biology (2023). Museum of Southwestern Biology, Division of Arthropods. Occurrence dataset https://doi.org/10.15468/jtovgy accessed via GBIF.org on 2023-11-01.</citation>
            </gbif>
        </metadata>
    </additionalMetadata>

</eml:eml>
