<?xml version="1.0" encoding="utf-8"?>
<eml:eml xmlns:eml="eml://ecoinformatics.org/eml-2.1.1" xmlns:xsi="http://www.w3.org/2001/XMLSchema-instance"
         xsi:schemaLocation="eml://ecoinformatics.org/eml-2.1.1 http://rs.gbif.org/schema/eml-gbif-profile/1.2/eml.xsd"
packageId="a0344d4c-1618-4765-9964-595269c8b334"  system="http://gbif.org" scope="system"
xml:lang="en">

    <dataset>
            <alternateIdentifier>10.15468/vy5e54</alternateIdentifier>
                <alternateIdentifier>https://ecdysis.org/collections/misc/collprofiles.php?collid=118</alternateIdentifier>
                <alternateIdentifier>https://scan-bugs.org:443/portal/collections/misc/collprofiles.php?collid=267</alternateIdentifier>
        <title>Luther Entomological Research Collection</title>
            <creator>
<organizationName>Ecdysis Portal</organizationName><electronicMailAddress>ajohnston@asu.edu</electronicMailAddress><onlineUrl>https://ecdysis.org/index.php</onlineUrl>            </creator>
            <metadataProvider>
<organizationName>Ecdysis Portal</organizationName><electronicMailAddress>ajohnston@asu.edu</electronicMailAddress><onlineUrl>https://ecdysis.org/index.php</onlineUrl>            </metadataProvider>
            <associatedParty>
            <individualName>
<givenName>Kirk</givenName>                    <surName>Larsen</surName>
            </individualName>
<electronicMailAddress>larsenkj@luther.edu</electronicMailAddress>            <role>CONTENT_PROVIDER</role>
            </associatedParty>
            <pubDate>
                2023-10-02
            </pubDate>
        <language>ENGLISH</language>
            <abstract>
                    <para>The Luther entomological research collection, one of the collections of the Hoslett Museum of Natural History at Luther College in Decorah, Iowa, is an important repository of Northeast Iowa insect biodiversity and includes many state record specimens (insect species not previously found in Iowa) not found in the Iowa State University insect collection. The LERC has a unique role specializing in the documentation of insect biodiversity of the driftless region in NE Iowa, SE Minnesota, and SW Wisconsin.</para>
            </abstract>
            <intellectualRights>
                    <para>This work is licensed under a <ulink url="http://creativecommons.org/licenses/by-nc/4.0/legalcode"><citetitle>Creative Commons Attribution Non Commercial (CC-BY-NC) 4.0 License</citetitle></ulink>.</para>
            </intellectualRights>
            <contact>
<organizationName>Luther Entomological Research Collection</organizationName><electronicMailAddress>larsenkj@luther.edu</electronicMailAddress>            </contact>

    </dataset>

    <additionalMetadata>
        <metadata>
            <gbif>
                <dateStamp>2023-11-01T10:31:56Z</dateStamp>
                <citation>Luther College (2023). Luther Entomological Research Collection. Occurrence dataset https://doi.org/10.15468/vy5e54 accessed via GBIF.org on 2023-11-01.</citation>
            </gbif>
        </metadata>
    </additionalMetadata>

</eml:eml>
