<?xml version="1.0" encoding="utf-8"?>
<eml:eml xmlns:eml="eml://ecoinformatics.org/eml-2.1.1" xmlns:xsi="http://www.w3.org/2001/XMLSchema-instance"
         xsi:schemaLocation="eml://ecoinformatics.org/eml-2.1.1 http://rs.gbif.org/schema/eml-gbif-profile/1.2/eml.xsd"
packageId="a307e4d7-1de2-4adc-95d5-a0a8d5f57236"  system="http://gbif.org" scope="system"
xml:lang="en">

    <dataset>
            <alternateIdentifier>10.15468/kwqaay</alternateIdentifier>
                <alternateIdentifier>a307e4d7-1de2-4adc-95d5-a0a8d5f57236</alternateIdentifier>
                <alternateIdentifier>http://ipt.nlbif.nl/resource?r=nmr_specimens</alternateIdentifier>
        <title>Natural History Museum Rotterdam - Specimens</title>
            <creator>
            <individualName>
<givenName>Frans J A</givenName>                    <surName>Slieker</surName>
            </individualName>
<organizationName>Natural History Museum Rotterdam</organizationName><positionName>Honorary curator</positionName>            <address>
<deliveryPoint>Westzeedijk 345 (Museumpark)</deliveryPoint><city>Rotterdam</city><postalCode>NL-3015 AA</postalCode><country>NETHERLANDS</country>            </address>
<onlineUrl>https://www.hetnatuurhistorisch.nl</onlineUrl>            </creator>
            <creator>
            <individualName>
<givenName>Henry</givenName>                    <surName>van der Es</surName>
            </individualName>
<organizationName>Natural History Museum Rotterdam</organizationName><positionName>Collection manager</positionName>            <address>
<deliveryPoint>Westzeedijk 345 (Museumpark)</deliveryPoint><city>Rotterdam</city><postalCode>NL-3015 AA</postalCode><country>NETHERLANDS</country>            </address>
<onlineUrl>https://www.hetnatuurhistorisch.nl</onlineUrl>            </creator>
            <creator>
            <individualName>
<givenName>Remko</givenName>                    <surName>Andeweg</surName>
            </individualName>
<organizationName>Natural History Museum Rotterdam</organizationName><positionName>Honorary curator</positionName>            <address>
<deliveryPoint>Westzeedijk 345 (Museumpark)</deliveryPoint><city>Rotterdam</city><postalCode>NL-3015 AA</postalCode><country>NETHERLANDS</country>            </address>
<onlineUrl>https://www.hetnatuurhistorisch.nl</onlineUrl>            </creator>
            <creator>
            <individualName>
<givenName>Bram W</givenName>                    <surName>Langeveld</surName>
            </individualName>
<organizationName>Natural History Museum Rotterdam</organizationName><positionName>Curator</positionName>            <address>
<deliveryPoint>Westzeedijk 345 (Museumpark)</deliveryPoint><city>Rotterdam</city><postalCode>NL-3015 AA</postalCode><country>NETHERLANDS</country>            </address>
<electronicMailAddress>langeveld@hetnatuurhistorisch.nl</electronicMailAddress><onlineUrl>https://www.hetnatuurhistorisch.nl</onlineUrl>            </creator>
            <creator>
            <individualName>
<givenName>Stephanie</givenName>                    <surName>Schnörr</surName>
            </individualName>
<organizationName>Natural History Museum Rotterdam</organizationName><positionName>Collection Manager</positionName>            <address>
<deliveryPoint>Westzeedijk 345</deliveryPoint><city>Rotterdam</city><postalCode>3015 AA</postalCode><country>NETHERLANDS</country>            </address>
<electronicMailAddress>schnorr@hetnatuurhistorisch.nl</electronicMailAddress>            </creator>
            <metadataProvider>
            <individualName>
<givenName>Bram W</givenName>                    <surName>Langeveld</surName>
            </individualName>
<organizationName>Natural History Museum Rotterdam</organizationName><positionName>Curator</positionName>            <address>
<deliveryPoint>Westzeedijk 345 (Museumpark)</deliveryPoint><city>Rotterdam</city><postalCode>NL-3015 AA</postalCode><country>NETHERLANDS</country>            </address>
<phone>+31.10.2660463</phone><electronicMailAddress>langeveld@hetnatuurhistorisch.nl</electronicMailAddress><onlineUrl>https://www.hetnatuurhistorisch.nl</onlineUrl>            </metadataProvider>
            <associatedParty>
            <individualName>
<givenName>Niels</givenName>                    <surName>Raes</surName>
            </individualName>
<organizationName>NLBIF</organizationName><positionName>Node manager</positionName>            <address>
<deliveryPoint>PO Box 9517</deliveryPoint><city>Leiden</city><postalCode>NL-2300 RA</postalCode><country>NETHERLANDS</country>            </address>
<phone>+31.71.7519362</phone><electronicMailAddress>nlbif@naturalis.nl</electronicMailAddress><onlineUrl>http://www.nlbif.nl</onlineUrl>            <userId directory="http://orcid.org/">0000-0002-4329-4892</userId>
            <role>PROCESSOR</role>
            </associatedParty>
            <associatedParty>
            <individualName>
<givenName>Jeroen</givenName>                    <surName>Creuwels</surName>
            </individualName>
<organizationName>NLBIF</organizationName><positionName>Data manager</positionName>            <address>
<deliveryPoint>PO Box 9517</deliveryPoint><city>Leiden</city><administrativeArea>Zuid-Holland</administrativeArea><postalCode>NL-2300 RA</postalCode><country>NETHERLANDS</country>            </address>
<phone>+31717519362</phone><electronicMailAddress>nlbif@naturalis.nl</electronicMailAddress><onlineUrl>https://www.nlbif.nl</onlineUrl>            <userId directory="http://orcid.org/">0000-0001-6131-7026</userId>
            <role>PROGRAMMER</role>
            </associatedParty>
            <pubDate>
                2023-06-11
            </pubDate>
        <language>en</language>
            <abstract>
                    <para>Specimen database of the Natural History Museum Rotterdam. The total collection is estimated to hold 420.000 specimens, of which over 85% are digitized at the specimen level and contained in this dataset. Arthropods (56%; mostly European) and molluscs (30%; worldwide recent specimens, fossil specimens from North-West Europe) make up the bulk of the collection. Chordates make up 9% of the collection and include a significant amount of fossil terrestrial and marine vertebrates from the Netherlands and the southern North Sea, while recent specimens predominantly originate from the Netherlands. Plants make up 5% of the collection and originate almost exclusively from the Netherlands. The collections of other taxonomic groups, e.g. Fungi and various marine invertebrates, are small, but do contain well documented interesting records. The dataset can also be accessed through the GBIF hosted portal at https://specimens.hetnatuurhistorisch.nl/.</para>
            </abstract>
                <keywordSet>
                        <keyword>Occurrence</keyword>
                        <keywordThesaurus>GBIF Dataset Type Vocabulary: http://rs.gbif.org/vocabulary/gbif/dataset_type.xml</keywordThesaurus>
                </keywordSet>
                <keywordSet>
                        <keyword>Occurrence</keyword>
                        <keywordThesaurus>GBIF Dataset Type Vocabulary: http://rs.gbif.org/vocabulary/gbif/dataset_type_2015-07-10.xml</keywordThesaurus>
                </keywordSet>
            <intellectualRights>
                    <para>This work is licensed under a <ulink url="http://creativecommons.org/licenses/by-nc/4.0/legalcode"><citetitle>Creative Commons Attribution Non Commercial (CC-BY-NC) 4.0 License</citetitle></ulink>.</para>
            </intellectualRights>
            <coverage>
                    <geographicCoverage>
                            <geographicDescription>Global distribution</geographicDescription>
                            <boundingCoordinates>
                                <westBoundingCoordinate>-180</westBoundingCoordinate>
                                <eastBoundingCoordinate>180</eastBoundingCoordinate>
                                <northBoundingCoordinate>90</northBoundingCoordinate>
                                <southBoundingCoordinate>-90</southBoundingCoordinate>
                            </boundingCoordinates>
                    </geographicCoverage>
                        <taxonomicCoverage>
                                <generalTaxonomicCoverage>All life, both fossil and recent, with emphasis on Arthropoda, Mollusca, Chordata and Plantae.</generalTaxonomicCoverage>
                                <taxonomicClassification>
                                        <taxonRankName>Phylum</taxonRankName>
                                    <taxonRankValue>Arthropoda</taxonRankValue>
                                        <commonName>arthropods</commonName>
                                </taxonomicClassification>
                                <taxonomicClassification>
                                        <taxonRankName>Phylum</taxonRankName>
                                    <taxonRankValue>Mollusca</taxonRankValue>
                                        <commonName>molluscs</commonName>
                                </taxonomicClassification>
                                <taxonomicClassification>
                                        <taxonRankName>Phylum</taxonRankName>
                                    <taxonRankValue>Chordata</taxonRankValue>
                                        <commonName>vertebrates</commonName>
                                </taxonomicClassification>
                                <taxonomicClassification>
                                        <taxonRankName>Kingdom</taxonRankName>
                                    <taxonRankValue>Plantae</taxonRankValue>
                                        <commonName>plants</commonName>
                                </taxonomicClassification>
                        </taxonomicCoverage>
            </coverage>
            <maintenance>
                <description>
                    <para></para>
                </description>
                <maintenanceUpdateFrequency>unkown</maintenanceUpdateFrequency>
            </maintenance>
            <contact>
            <individualName>
<givenName>Bram W</givenName>                    <surName>Langeveld</surName>
            </individualName>
<organizationName>Natural History Museum Rotterdam</organizationName><positionName>Curator</positionName>            <address>
<deliveryPoint>Westzeedijk 345 (Museumpark)</deliveryPoint><city>Rotterdam</city><postalCode>NL-3015 AA</postalCode><country>NETHERLANDS</country>            </address>
<phone>+31.10.2660463</phone><electronicMailAddress>langeveld@hetnatuurhistorisch.nl</electronicMailAddress><onlineUrl>https://www.hetnatuurhistorisch.nl</onlineUrl>            </contact>
            <methods>
                    <methodStep>
                        <description>
                            <para></para>
                        </description>
                    </methodStep>
            </methods>

    </dataset>

    <additionalMetadata>
        <metadata>
            <gbif>
                <dateStamp>2023-11-01T10:31:56Z</dateStamp>
                <citation>Slieker F J A, van der Es H, Andeweg R, Langeveld B W, Schnörr S (2023). Natural History Museum Rotterdam - Specimens. Version 1.43. Natural History Museum Rotterdam. Occurrence dataset https://doi.org/10.15468/kwqaay accessed via GBIF.org on 2023-11-01.</citation>
                    <resourceLogoUrl>http://ipt.nlbif.nl/logo.do?r=nmr_specimens</resourceLogoUrl>
                    <formationPeriod>1750-current</formationPeriod>
            </gbif>
        </metadata>
    </additionalMetadata>

</eml:eml>
