<?xml version="1.0" encoding="utf-8"?>
<eml:eml xmlns:eml="eml://ecoinformatics.org/eml-2.1.1" xmlns:xsi="http://www.w3.org/2001/XMLSchema-instance"
         xsi:schemaLocation="eml://ecoinformatics.org/eml-2.1.1 http://rs.gbif.org/schema/eml-gbif-profile/1.2/eml.xsd"
packageId="c4dec041-3704-4788-abd8-b4064d25442e"  system="http://gbif.org" scope="system"
xml:lang="en">

    <dataset>
            <alternateIdentifier>10.15468/fvigdc</alternateIdentifier>
                <alternateIdentifier>https://ecdysis.org/collections/misc/collprofiles.php?collid=111</alternateIdentifier>
                <alternateIdentifier>https://biokic2.rc.asu.edu:443/portal/collections/misc/collprofiles.php?collid=88</alternateIdentifier>
                <alternateIdentifier>https://scan-bugs.org:443/portal/collections/misc/collprofiles.php?collid=88</alternateIdentifier>
                <alternateIdentifier>http://scan-bugs.org/portal/collections/misc/collprofiles.php?collid=88</alternateIdentifier>
        <title>Clemson University Arthropod Collection</title>
            <creator>
<organizationName>Ecdysis Portal</organizationName><electronicMailAddress>ajohnston@asu.edu</electronicMailAddress><onlineUrl>https://ecdysis.org/index.php</onlineUrl>            </creator>
            <metadataProvider>
<organizationName>Ecdysis Portal</organizationName><electronicMailAddress>ajohnston@asu.edu</electronicMailAddress><onlineUrl>https://ecdysis.org/index.php</onlineUrl>            </metadataProvider>
            <associatedParty>
            <individualName>
<givenName>Michael S.</givenName>                    <surName>Caterino</surName>
            </individualName>
<electronicMailAddress>mcateri@clemson.edu</electronicMailAddress>            <role>CONTENT_PROVIDER</role>
            </associatedParty>
            <pubDate>
                2023-10-02
            </pubDate>
        <language>ENGLISH</language>
            <abstract>
                    <para>The Clemson University Arthropod Collection (CUAC) supports the teaching, research, and extension activities of the University. The Collection consists of approximately 1.3 million specimens from Classes Insecta, Arachnida, Branchipoda, Copepoda, Diplopoda, and Chilopoda. The wet, alcohol-preserved collection is exceptionally rich, with over 1,000,000 specimens, nearly half of which are Trichoptera, or caddisflies, resulting from 40 years of work by Director Emeritus Dr. John Morse. The pinned, dry collection comprises only about 200,000 specimens, but also has strong regional representation of all the major orders. The CUAC collection serves as a permanent repository for specimens used in University research. It serves as a reference collection for identifying economically and ecologically significant samples sent in from all over South Carolina. The specimens in the collection also provide a historical record of the changing biota of the southeastern region dating back nearly 100 years. The Museum&amp;#39;s educational displays are used to enhance University courses and are viewed by visitors to the Collection and by participants in demonstrations at off-campus venues.</para>
            </abstract>
            <intellectualRights>
                    <para>To the extent possible under law, the publisher has waived all rights to these data and has dedicated them to the <ulink url="http://creativecommons.org/publicdomain/zero/1.0/legalcode"><citetitle>Public Domain (CC0 1.0)</citetitle></ulink>. Users may copy, modify, distribute and use the work, including for commercial purposes, without restriction.</para>
            </intellectualRights>
            <contact>
<organizationName>Clemson University Arthropod Collection</organizationName><electronicMailAddress>mcateri@clemson.edu</electronicMailAddress><onlineUrl>https://sites.google.com/site/clemsonarthropodcollection/</onlineUrl>            </contact>

    </dataset>

    <additionalMetadata>
        <metadata>
            <gbif>
                <dateStamp>2023-11-01T10:31:54Z</dateStamp>
                <citation>Clemson University Arthropod Collection (2023). Clemson University Arthropod Collection. Occurrence dataset https://doi.org/10.15468/fvigdc accessed via GBIF.org on 2023-11-01.</citation>
            </gbif>
        </metadata>
    </additionalMetadata>

</eml:eml>
