<?xml version="1.0" encoding="utf-8"?>
<eml:eml xmlns:eml="eml://ecoinformatics.org/eml-2.1.1" xmlns:xsi="http://www.w3.org/2001/XMLSchema-instance"
         xsi:schemaLocation="eml://ecoinformatics.org/eml-2.1.1 http://rs.gbif.org/schema/eml-gbif-profile/1.2/eml.xsd"
packageId="e05f6e7d-418e-4407-8e0f-7b8ccf21109e"  system="http://gbif.org" scope="system"
xml:lang="en">

    <dataset>
            <alternateIdentifier>10.15468/bvzxln</alternateIdentifier>
                <alternateIdentifier>https://ecdysis.org/collections/misc/collprofiles.php?collid=126</alternateIdentifier>
                <alternateIdentifier>https://biokic2.rc.asu.edu:443/portal/collections/misc/collprofiles.php?collid=78</alternateIdentifier>
                <alternateIdentifier>https://scan-bugs.org:443/portal/collections/misc/collprofiles.php?collid=78</alternateIdentifier>
        <title>R. M. Bohart Museum of Entomology</title>
            <creator>
<organizationName>Ecdysis Portal</organizationName><electronicMailAddress>ajohnston@asu.edu</electronicMailAddress><onlineUrl>https://ecdysis.org/index.php</onlineUrl>            </creator>
            <metadataProvider>
<organizationName>Ecdysis Portal</organizationName><electronicMailAddress>ajohnston@asu.edu</electronicMailAddress><onlineUrl>https://ecdysis.org/index.php</onlineUrl>            </metadataProvider>
            <associatedParty>
            <individualName>
<givenName>Lynn S.</givenName>                    <surName>Kimsey</surName>
            </individualName>
<electronicMailAddress>lskimsey@ucdavis.edu</electronicMailAddress>            <role>CONTENT_PROVIDER</role>
            </associatedParty>
            <pubDate>
                2023-10-02
            </pubDate>
        <language>ENGLISH</language>
            <abstract>
                    <para>The Bohart Museum’s mission is to serve the research community, support campus teaching, provide science educational outreach for the public, and to provide diagnostic and information services. The museum houses the seventh largest insect collection in North America. The museum specializes in the unique insect fauna of California, both native and exotic species. Current holdings of nearly 8 million specimens include a wide range of terrestrial invertebrates, specializing in arthropods (insects, millipedes, centipedes, scorpions, mites, ticks, and spiders), crustaceans (pill and sow bugs, fairy and tadpole shrimp), and tardigrade water bears. The largest collections are of the Lepidoptera, Hymenoptera, Coleoptera, Acarina and Tardigrada. The collections are worldwide in scope, with the Americas, south Asia and Australia particularly well-represented. The museum is also the home of the California Insect Survey and sponsors research on the California fauna.</para>
            </abstract>
            <intellectualRights>
                    <para>This work is licensed under a <ulink url="http://creativecommons.org/licenses/by-nc/4.0/legalcode"><citetitle>Creative Commons Attribution Non Commercial (CC-BY-NC) 4.0 License</citetitle></ulink>.</para>
            </intellectualRights>
            <contact>
<organizationName>R. M. Bohart Museum of Entomology</organizationName><electronicMailAddress>lskimsey@ucdavis.edu</electronicMailAddress><onlineUrl>http://Bohart.ucdavis.edu</onlineUrl>            </contact>

    </dataset>

    <additionalMetadata>
        <metadata>
            <gbif>
                <dateStamp>2023-11-01T10:31:49Z</dateStamp>
                <citation>University of California, Davis (2023). R. M. Bohart Museum of Entomology. Occurrence dataset https://doi.org/10.15468/bvzxln accessed via GBIF.org on 2023-11-01.</citation>
            </gbif>
        </metadata>
    </additionalMetadata>

</eml:eml>
