<?xml version="1.0" encoding="utf-8"?>
<eml:eml xmlns:eml="eml://ecoinformatics.org/eml-2.1.1" xmlns:xsi="http://www.w3.org/2001/XMLSchema-instance"
         xsi:schemaLocation="eml://ecoinformatics.org/eml-2.1.1 http://rs.gbif.org/schema/eml-gbif-profile/1.2/eml.xsd"
packageId="f29ab192-5964-40ae-a397-fa48ffdf0661"  system="http://gbif.org" scope="system"
xml:lang="en">

    <dataset>
            <alternateIdentifier>10.15468/tfpnkp</alternateIdentifier>
        <title>Zoologische Staatssammlung Muenchen - International Barcode of Life (iBOL) - Barcode of Life Project Specimen Data</title>
            <associatedParty>
            <individualName>
                    <surName>Stefan Schmidt</surName>
            </individualName>
            <address>
<deliveryPoint>Zoologische Staatssammlung, Münchhausenstr. 21, 81247 Munich, Germany</deliveryPoint>            </address>
<electronicMailAddress>hymenoptera@zsm.mwn.de</electronicMailAddress>            <role>TECHNICAL_POINT_OF_CONTACT</role>
            </associatedParty>
        <language>en</language>
            <intellectualRights>
                    <para>This work is licensed under a <ulink url="http://creativecommons.org/licenses/by/4.0/legalcode"><citetitle>Creative Commons Attribution (CC-BY) 4.0 License</citetitle></ulink>.</para>
            </intellectualRights>
            <contact>
            <individualName>
                    <surName>Stefan Schmidt</surName>
            </individualName>
<electronicMailAddress>hymenoptera@zsm.mwn.de</electronicMailAddress>            </contact>

    </dataset>

    <additionalMetadata>
        <metadata>
            <gbif>
                <dateStamp>2023-11-01T10:31:50Z</dateStamp>
                <citation>Zoologische Staatssammlung München/Staatliche Naturwissenschaftliche Sammlungen Bayerns. Zoologische Staatssammlung Muenchen - International Barcode of Life (iBOL) - Barcode of Life Project Specimen Data. Occurrence dataset https://doi.org/10.15468/tfpnkp accessed via GBIF.org on 2023-11-01.</citation>
            </gbif>
        </metadata>
    </additionalMetadata>

</eml:eml>
